{
  "victim": {
    "victim_id": "VICTIM_001",
    "department": "Engineering",
    "age": 35,
    "gender": "F",
    "true_salary": 95000
  },
  "attack_without_dp": {
    "successful": true,
    "inferred_salary": 95000,
    "true_salary": 95000
  },
  "dp_protection": {
    "0.5": {
      "clear_sum": 17558674.0,
      "dp_sum": 17056905.549064636,
      "noise_on_query": 501768.45093536377,
      "victim_salary": 95000,
      "noise_to_salary_ratio": 5.281773167740671,
      "protected": true,
      "protection_level": "forte"
    },
    "5": {
      "clear_sum": 17558674.0,
      "dp_sum": 17580142.883744836,
      "noise_on_query": 21468.883744835854,
      "victim_salary": 95000,
      "noise_to_salary_ratio": 0.22598824994564057,
      "protected": false,
      "protection_level": "insufficiente"
    },
    "10": {
      "clear_sum": 17558674.0,
      "dp_sum": 17510146.500117064,
      "noise_on_query": 48527.49988293648,
      "victim_salary": 95000,
      "noise_to_salary_ratio": 0.5108157882414366,
      "protected": true,
      "protection_level": "moderata"
    },
    "15": {
      "clear_sum": 17558674.0,
      "dp_sum": 17547122.87073925,
      "noise_on_query": 11551.129260748625,
      "victim_salary": 95000,
      "noise_to_salary_ratio": 0.12159083432366974,
      "protected": false,
      "protection_level": "insufficiente"
    }
  }
}