{
  "victim": {
    "victim_id": "VICTIM_001",
    "department": "Engineering",
    "age": 35,
    "gender": "F",
    "true_salary": 95000
  },
  "attack_without_dp": {
    "successful": true,
    "inferred_salary": 95000,
    "true_salary": 95000,
    "clear_queries": {
      "Q1": 17558674,
      "Q2": 9568613,
      "Q3": 7895061,
      "diff1": 7990061,
      "inferred": 95000
    }
  },
  "dp_attack_results": {
    "0.5": {
      "all_queries_available": false,
      "Q1_dp": 17302306.79232931,
      "Q2_dp": null,
      "Q3_dp": null,
      "partition_removed": true,
      "protected": true,
      "protection_level": "massima (partizione rimossa)",
      "removed_queries": [
        "Q2",
        "Q3"
      ]
    },
    "5": {
      "all_queries_available": true,
      "Q1_dp": 17549306.518163443,
      "Q2_dp": 9625483.430104256,
      "Q3_dp": 7879473.512355983,
      "diff1_dp": 7923823.088059187,
      "inferred_salary": 44349.57570320368,
      "error": 50650.42429679632,
      "error_ratio": 0.5331623610189087,
      "protected": true,
      "protection_level": "moderata",
      "noise_Q1": -9367.481836557388,
      "noise_Q2": 56870.430104255676,
      "noise_Q3": -15587.487644016743
    },
    "10": {
      "all_queries_available": true,
      "Q1_dp": 17571821.342171192,
      "Q2_dp": 9581561.171996474,
      "Q3_dp": 7899952.039505213,
      "diff1_dp": 7990260.170174718,
      "inferred_salary": 90308.13066950534,
      "error": 4691.869330494665,
      "error_ratio": 0.04938809821573331,
      "protected": false,
      "protection_level": "sufficiente",
      "noise_Q1": 13147.34217119217,
      "noise_Q2": 12948.171996474266,
      "noise_Q3": 4891.039505212568
    },
    "15": {
      "all_queries_available": true,
      "Q1_dp": 17571068.172994062,
      "Q2_dp": 9556128.049487412,
      "Q3_dp": 7899089.7232994735,
      "diff1_dp": 8014940.12350665,
      "inferred_salary": 115850.4002071768,
      "error": 20850.400207176805,
      "error_ratio": 0.21947789691765057,
      "protected": true,
      "protection_level": "sufficiente",
      "noise_Q1": 12394.172994062304,
      "noise_Q2": -12484.950512588024,
      "noise_Q3": 4028.723299473524
    }
  }
}