Week,Mean Stay (Days) (DP)
31,1
30,1
46,1
38,30
39,1
35,14.278990165902213
44,1
28,1
36,30
53,30
19,30
23,30
14,1
25,1
41,30
10,1
16,30
17,29.190640223359473
21,1
11,1
24,13.258628383678394
18,30
9,30
40,17.051114976439813
20,1
5,22.26600557447402
33,1
32,1
37,30
2,1
49,1
47,30
34,30
45,17.16073611551764
7,20.494218723825476
51,30
1,21.542757396454505
15,30
4,1
42,3.459411525781549
52,30
43,2.0005937507614124
48,30
13,30
27,30
29,30
12,1
8,18.82908466823486
6,30
3,30
26,30
50,30
22,30
